<?xml version="1.0" encoding="utf-8"?>
<cwbopendata xmlns="urn:cwb:gov:tw:cwbcommon:0.1">
  <identifier>1c23836b-32a7-43b5-aab3-b2909b5bebc4</identifier>
  <sender>weather@cwb.gov.tw</sender>
  <sent>2019-06-28T12:22:56+08:00</sent>
  <status>Actual</status>
  <scope>Public</scope>
  <msgType>Issue</msgType>
  <dataid>null</dataid>
  <source>MFC</source>
  <dataset>
    <datasetInfo>
      <datasetDescription>Seven Days Weather Forecast of 368 townships</datasetDescription>
      <datasetLanguage>EN</datasetLanguage>
      <issueTime>2019-06-28T11:00:00+08:00</issueTime>
      <validTime>
        <startTime>2019-06-28T12:00:00+08:00</startTime>
        <endTime>2019-07-06T11:00:00+08:00</endTime>
      </validTime>
      <update>2019-06-28T12:22:56+08:00</update>
    </datasetInfo>
    <locations>
      <locationsName>Chiayi City</locationsName>
      <location>
        <locationName>East District</locationName>
        <geocode>1002001</geocode>
        <lat>23.480384</lat>
        <lon>120.445361</lon>
        <weatherElement>
          <elementName>T</elementName>
          <description>average of temperature</description>
          <time>
            <startTime>2019-06-28T12:00:00+08:00</startTime>
            <endTime>2019-06-29T00:00:00+08:00</endTime>
            <elementValue>
              <value>31</value>
              <measures>C</measures>
            </elementValue>
          </time>
          <time>
            <startTime>2019-06-29T00:00:00+08:00</startTime>
            <endTime>2019-06-30T00:00:00+08:00</endTime>
            <elementValue>
              <value>30</value>
              <measures>C</measures>
            </elementValue>
          </time>
          <time>
            <startTime>2019-06-30T00:00:00+08:00</startTime>
            <endTime>2019-07-01T00:00:00+08:00</endTime>
            <elementValue>
              <value>30</value>
              <measures>C</measures>
            </elementValue>
          </time>
          <time>
            <startTime>2019-07-01T00:00:00+08:00</startTime>
            <endTime>2019-07-02T00:00:00+08:00</endTime>
            <elementValue>
              <value>29</value>
              <measures>C</measures>
            </elementValue>
          </time>
          <time>
            <startTime>2019-07-02T00:00:00+08:00</startTime>
            <endTime>2019-07-03T00:00:00+08:00</endTime>
            <elementValue>
              <value>29</value>
              <measures>C</measures>
            </elementValue>
          </time>
          <time>
            <startTime>2019-07-03T00:00:00+08:00</startTime>
            <endTime>2019-07-04T00:00:00+08:00</endTime>
            <elementValue>
              <value>29</value>
              <measures>C</measures>
            </elementValue>
          </time>
          <time>
            <startTime>2019-07-04T00:00:00+08:00</startTime>
            <endTime>2019-07-05T00:00:00+08:00</endTime>
            <elementValue>
              <value>28</value>
              <measures>C</measures>
            </elementValue>
          </time>
        </weatherElement>
        <weatherElement>
          <elementName>Td</elementName>
          <description>average of dew point temperature</description>
          <time>
            <startTime>2019-06-28T12:00:00+08:00</startTime>
            <endTime>2019-06-29T00:00:00+08:00</endTime>
            <elementValue>
              <value>28</value>
              <measures>C</measures>
            </elementValue>
          </time>
          <time>
            <startTime>2019-06-29T00:00:00+08:00</startTime>
            <endTime>2019-06-30T00:00:00+08:00</endTime>
            <elementValue>
              <value>26</value>
              <measures>C</measures>
            </elementValue>
          </time>
          <time>
            <startTime>2019-06-30T00:00:00+08:00</startTime>
            <endTime>2019-07-01T00:00:00+08:00</endTime>
            <elementValue>
              <value>28</value>
              <measures>C</measures>
            </elementValue>
          </time>
          <time>
            <startTime>2019-07-01T00:00:00+08:00</startTime>
            <endTime>2019-07-02T00:00:00+08:00</endTime>
            <elementValue>
              <value>26</value>
              <measures>C</measures>
            </elementValue>
          </time>
          <time>
            <startTime>2019-07-02T00:00:00+08:00</startTime>
            <endTime>2019-07-03T00:00:00+08:00</endTime>
            <elementValue>
              <value>26</value>
              <measures>C</measures>
            </elementValue>
          </time>
          <time>
            <startTime>2019-07-03T00:00:00+08:00</startTime>
            <endTime>2019-07-04T00:00:00+08:00</endTime>
            <elementValue>
              <value>26</value>
              <measures>C</measures>
            </elementValue>
          </time>
          <time>
            <startTime>2019-07-04T00:00:00+08:00</startTime>
            <endTime>2019-07-05T00:00:00+08:00</endTime>
            <elementValue>
              <value>26</value>
              <measures>C</measures>
            </elementValue>
          </time>
        </weatherElement>
        <weatherElement>
          <elementName>RH</elementName>
          <description>average of relative humidity</description>
          <time>
            <startTime>2019-06-28T12:00:00+08:00</startTime>
            <endTime>2019-06-29T00:00:00+08:00</endTime>
            <elementValue>
              <value>81</value>
              <measures>%</measures>
            </elementValue>
          </time>
          <time>
            <startTime>2019-06-29T00:00:00+08:00</startTime>
            <endTime>2019-06-30T00:00:00+08:00</endTime>
            <elementValue>
              <value>83</value>
              <measures>%</measures>
            </elementValue>
          </time>
          <time>
            <startTime>2019-06-30T00:00:00+08:00</startTime>
            <endTime>2019-07-01T00:00:00+08:00</endTime>
            <elementValue>
              <value>88</value>
              <measures>%</measures>
            </elementValue>
          </time>
          <time>
            <startTime>2019-07-01T00:00:00+08:00</startTime>
            <endTime>2019-07-02T00:00:00+08:00</endTime>
            <elementValue>
              <value>85</value>
              <measures>%</measures>
            </elementValue>
          </time>
          <time>
            <startTime>2019-07-02T00:00:00+08:00</startTime>
            <endTime>2019-07-03T00:00:00+08:00</endTime>
            <elementValue>
              <value>86</value>
              <measures>%</measures>
            </elementValue>
          </time>
          <time>
            <startTime>2019-07-03T00:00:00+08:00</startTime>
            <endTime>2019-07-04T00:00:00+08:00</endTime>
            <elementValue>
              <value>84</value>
              <measures>%</measures>
            </elementValue>
          </time>
          <time>
            <startTime>2019-07-04T00:00:00+08:00</startTime>
            <endTime>2019-07-05T00:00:00+08:00</endTime>
            <elementValue>
              <value>85</value>
              <measures>%</measures>
            </elementValue>
          </time>
        </weatherElement>
        <weatherElement>
          <elementName>MaxT</elementName>
          <description>maximum temperature</description>
          <time>
            <startTime>2019-06-28T12:00:00+08:00</startTime>
            <endTime>2019-06-29T00:00:00+08:00</endTime>
            <elementValue>
              <value>34</value>
              <measures>C</measures>
            </elementValue>
          </time>
          <time>
            <startTime>2019-06-29T00:00:00+08:00</startTime>
            <endTime>2019-06-30T00:00:00+08:00</endTime>
            <elementValue>
              <value>34</value>
              <measures>C</measures>
            </elementValue>
          </time>
          <time>
            <startTime>2019-06-30T00:00:00+08:00</startTime>
            <endTime>2019-07-01T00:00:00+08:00</endTime>
            <elementValue>
              <value>34</value>
              <measures>C</measures>
            </elementValue>
          </time>
          <time>
            <startTime>2019-07-01T00:00:00+08:00</startTime>
            <endTime>2019-07-02T00:00:00+08:00</endTime>
            <elementValue>
              <value>33</value>
              <measures>C</measures>
            </elementValue>
          </time>
          <time>
            <startTime>2019-07-02T00:00:00+08:00</startTime>
            <endTime>2019-07-03T00:00:00+08:00</endTime>
            <elementValue>
              <value>32</value>
              <measures>C</measures>
            </elementValue>
          </time>
          <time>
            <startTime>2019-07-03T00:00:00+08:00</startTime>
            <endTime>2019-07-04T00:00:00+08:00</endTime>
            <elementValue>
              <value>32</value>
              <measures>C</measures>
            </elementValue>
          </time>
          <time>
            <startTime>2019-07-04T00:00:00+08:00</startTime>
            <endTime>2019-07-05T00:00:00+08:00</endTime>
            <elementValue>
              <value>32</value>
              <measures>C</measures>
            </elementValue>
          </time>
        </weatherElement>
        <weatherElement>
          <elementName>MinT</elementName>
          <description>minimum temperature</description>
          <time>
            <startTime>2019-06-28T12:00:00+08:00</startTime>
            <endTime>2019-06-29T00:00:00+08:00</endTime>
            <elementValue>
              <value>28</value>
              <measures>C</measures>
            </elementValue>
          </time>
          <time>
            <startTime>2019-06-29T00:00:00+08:00</startTime>
            <endTime>2019-06-30T00:00:00+08:00</endTime>
            <elementValue>
              <value>26</value>
              <measures>C</measures>
            </elementValue>
          </time>
          <time>
            <startTime>2019-06-30T00:00:00+08:00</startTime>
            <endTime>2019-07-01T00:00:00+08:00</endTime>
            <elementValue>
              <value>26</value>
              <measures>C</measures>
            </elementValue>
          </time>
          <time>
            <startTime>2019-07-01T00:00:00+08:00</startTime>
            <endTime>2019-07-02T00:00:00+08:00</endTime>
            <elementValue>
              <value>26</value>
              <measures>C</measures>
            </elementValue>
          </time>
          <time>
            <startTime>2019-07-02T00:00:00+08:00</startTime>
            <endTime>2019-07-03T00:00:00+08:00</endTime>
            <elementValue>
              <value>26</value>
              <measures>C</measures>
            </elementValue>
          </time>
          <time>
            <startTime>2019-07-03T00:00:00+08:00</startTime>
            <endTime>2019-07-04T00:00:00+08:00</endTime>
            <elementValue>
              <value>26</value>
              <measures>C</measures>
            </elementValue>
          </time>
          <time>
            <startTime>2019-07-04T00:00:00+08:00</startTime>
            <endTime>2019-07-05T00:00:00+08:00</endTime>
            <elementValue>
              <value>26</value>
              <measures>C</measures>
            </elementValue>
          </time>
        </weatherElement>
        <weatherElement>
          <elementName>MaxAT</elementName>
          <description>maximum athletic temperature</description>
          <time>
            <startTime>2019-06-28T12:00:00+08:00</startTime>
            <endTime>2019-06-29T00:00:00+08:00</endTime>
            <elementValue>
              <value>40</value>
              <measures>C</measures>
            </elementValue>
          </time>
          <time>
            <startTime>2019-06-29T00:00:00+08:00</startTime>
            <endTime>2019-06-30T00:00:00+08:00</endTime>
            <elementValue>
              <value>39</value>
              <measures>C</measures>
            </elementValue>
          </time>
          <time>
            <startTime>2019-06-30T00:00:00+08:00</startTime>
            <endTime>2019-07-01T00:00:00+08:00</endTime>
            <elementValue>
              <value>40</value>
              <measures>C</measures>
            </elementValue>
          </time>
          <time>
            <startTime>2019-07-01T00:00:00+08:00</startTime>
            <endTime>2019-07-02T00:00:00+08:00</endTime>
            <elementValue>
              <value>39</value>
              <measures>C</measures>
            </elementValue>
          </time>
          <time>
            <startTime>2019-07-02T00:00:00+08:00</startTime>
            <endTime>2019-07-03T00:00:00+08:00</endTime>
            <elementValue>
              <value>36</value>
              <measures>C</measures>
            </elementValue>
          </time>
          <time>
            <startTime>2019-07-03T00:00:00+08:00</startTime>
            <endTime>2019-07-04T00:00:00+08:00</endTime>
            <elementValue>
              <value>36</value>
              <measures>C</measures>
            </elementValue>
          </time>
          <time>
            <startTime>2019-07-04T00:00:00+08:00</startTime>
            <endTime>2019-07-05T00:00:00+08:00</endTime>
            <elementValue>
              <value>35</value>
              <measures>C</measures>
            </elementValue>
          </time>
        </weatherElement>
        <weatherElement>
          <elementName>MinAT</elementName>
          <description>minimum athletic temperature</description>
          <time>
            <startTime>2019-06-28T12:00:00+08:00</startTime>
            <endTime>2019-06-29T00:00:00+08:00</endTime>
            <elementValue>
              <value>32</value>
              <measures>C</measures>
            </elementValue>
          </time>
          <time>
            <startTime>2019-06-29T00:00:00+08:00</startTime>
            <endTime>2019-06-30T00:00:00+08:00</endTime>
            <elementValue>
              <value>29</value>
              <measures>C</measures>
            </elementValue>
          </time>
          <time>
            <startTime>2019-06-30T00:00:00+08:00</startTime>
            <endTime>2019-07-01T00:00:00+08:00</endTime>
            <elementValue>
              <value>30</value>
              <measures>C</measures>
            </elementValue>
          </time>
          <time>
            <startTime>2019-07-01T00:00:00+08:00</startTime>
            <endTime>2019-07-02T00:00:00+08:00</endTime>
            <elementValue>
              <value>30</value>
              <measures>C</measures>
            </elementValue>
          </time>
          <time>
            <startTime>2019-07-02T00:00:00+08:00</startTime>
            <endTime>2019-07-03T00:00:00+08:00</endTime>
            <elementValue>
              <value>28</value>
              <measures>C</measures>
            </elementValue>
          </time>
          <time>
            <startTime>2019-07-03T00:00:00+08:00</startTime>
            <endTime>2019-07-04T00:00:00+08:00</endTime>
            <elementValue>
              <value>29</value>
              <measures>C</measures>
            </elementValue>
          </time>
          <time>
            <startTime>2019-07-04T00:00:00+08:00</startTime>
            <endTime>2019-07-05T00:00:00+08:00</endTime>
            <elementValue>
              <value>27</value>
              <measures>C</measures>
            </elementValue>
          </time>
        </weatherElement>
        <weatherElement>
          <elementName>MaxCI</elementName>
          <description>maximum comfort index</description>
          <time>
            <startTime>2019-06-28T12:00:00+08:00</startTime>
            <endTime>2019-06-29T00:00:00+08:00</endTime>
            <elementValue>
              <value>32</value>
              <measures>NA</measures>
            </elementValue>
          </time>
          <time>
            <startTime>2019-06-29T00:00:00+08:00</startTime>
            <endTime>2019-06-30T00:00:00+08:00</endTime>
            <elementValue>
              <value>31</value>
              <measures>NA</measures>
            </elementValue>
          </time>
          <time>
            <startTime>2019-06-30T00:00:00+08:00</startTime>
            <endTime>2019-07-01T00:00:00+08:00</endTime>
            <elementValue>
              <value>32</value>
              <measures>NA</measures>
            </elementValue>
          </time>
          <time>
            <startTime>2019-07-01T00:00:00+08:00</startTime>
            <endTime>2019-07-02T00:00:00+08:00</endTime>
            <elementValue>
              <value>31</value>
              <measures>NA</measures>
            </elementValue>
          </time>
          <time>
            <startTime>2019-07-02T00:00:00+08:00</startTime>
            <endTime>2019-07-03T00:00:00+08:00</endTime>
            <elementValue>
              <value>30</value>
              <measures>NA</measures>
            </elementValue>
          </time>
          <time>
            <startTime>2019-07-03T00:00:00+08:00</startTime>
            <endTime>2019-07-04T00:00:00+08:00</endTime>
            <elementValue>
              <value>30</value>
              <measures>NA</measures>
            </elementValue>
          </time>
          <time>
            <startTime>2019-07-04T00:00:00+08:00</startTime>
            <endTime>2019-07-05T00:00:00+08:00</endTime>
            <elementValue>
              <value>31</value>
              <measures>NA</measures>
            </elementValue>
          </time>
        </weatherElement>
        <weatherElement>
          <elementName>MinCI</elementName>
          <description>minimum comfort index</description>
          <time>
            <startTime>2019-06-28T12:00:00+08:00</startTime>
            <endTime>2019-06-29T00:00:00+08:00</endTime>
            <elementValue>
              <value>27</value>
              <measures>NA</measures>
            </elementValue>
          </time>
          <time>
            <startTime>2019-06-29T00:00:00+08:00</startTime>
            <endTime>2019-06-30T00:00:00+08:00</endTime>
            <elementValue>
              <value>26</value>
              <measures>NA</measures>
            </elementValue>
          </time>
          <time>
            <startTime>2019-06-30T00:00:00+08:00</startTime>
            <endTime>2019-07-01T00:00:00+08:00</endTime>
            <elementValue>
              <value>26</value>
              <measures>NA</measures>
            </elementValue>
          </time>
          <time>
            <startTime>2019-07-01T00:00:00+08:00</startTime>
            <endTime>2019-07-02T00:00:00+08:00</endTime>
            <elementValue>
              <value>25</value>
              <measures>NA</measures>
            </elementValue>
          </time>
          <time>
            <startTime>2019-07-02T00:00:00+08:00</startTime>
            <endTime>2019-07-03T00:00:00+08:00</endTime>
            <elementValue>
              <value>25</value>
              <measures>NA</measures>
            </elementValue>
          </time>
          <time>
            <startTime>2019-07-03T00:00:00+08:00</startTime>
            <endTime>2019-07-04T00:00:00+08:00</endTime>
            <elementValue>
              <value>25</value>
              <measures>NA</measures>
            </elementValue>
          </time>
          <time>
            <startTime>2019-07-04T00:00:00+08:00</startTime>
            <endTime>2019-07-05T00:00:00+08:00</endTime>
            <elementValue>
              <value>25</value>
              <measures>NA</measures>
            </elementValue>
          </time>
        </weatherElement>
        <weatherElement>
          <elementName>PoP24h</elementName>
          <description>24 hours probability of precipitation</description>
          <time>
            <startTime>2019-06-28T12:00:00+08:00</startTime>
            <endTime>2019-06-29T00:00:00+08:00</endTime>
            <elementValue>
              <value>50</value>
              <measures>%</measures>
            </elementValue>
          </time>
          <time>
            <startTime>2019-06-29T00:00:00+08:00</startTime>
            <endTime>2019-06-30T00:00:00+08:00</endTime>
            <elementValue>
              <value>50</value>
              <measures>%</measures>
            </elementValue>
          </time>
          <time>
            <startTime>2019-06-30T00:00:00+08:00</startTime>
            <endTime>2019-07-01T00:00:00+08:00</endTime>
            <elementValue>
              <value>50</value>
              <measures>%</measures>
            </elementValue>
          </time>
          <time>
            <startTime>2019-07-01T00:00:00+08:00</startTime>
            <endTime>2019-07-02T00:00:00+08:00</endTime>
            <elementValue>
              <value>60</value>
              <measures>%</measures>
            </elementValue>
          </time>
          <time>
            <startTime>2019-07-02T00:00:00+08:00</startTime>
            <endTime>2019-07-03T00:00:00+08:00</endTime>
            <elementValue>
              <value>0</value>
              <measures>%</measures>
            </elementValue>
          </time>
          <time>
            <startTime>2019-07-03T00:00:00+08:00</startTime>
            <endTime>2019-07-04T00:00:00+08:00</endTime>
            <elementValue>
              <value> </value>
              <measures>%</measures>
            </elementValue>
          </time>
          <time>
            <startTime>2019-07-04T00:00:00+08:00</startTime>
            <endTime>2019-07-05T00:00:00+08:00</endTime>
            <elementValue>
              <value> </value>
              <measures>%</measures>
            </elementValue>
          </time>
        </weatherElement>
        <weatherElement>
          <elementName>WD</elementName>
          <description>wind direction</description>
          <time>
            <startTime>2019-06-28T12:00:00+08:00</startTime>
            <endTime>2019-06-29T00:00:00+08:00</endTime>
            <elementValue>
              <value>S</value>
              <measures>16 directions</measures>
            </elementValue>
          </time>
          <time>
            <startTime>2019-06-29T00:00:00+08:00</startTime>
            <endTime>2019-06-30T00:00:00+08:00</endTime>
            <elementValue>
              <value>S</value>
              <measures>16 directions</measures>
            </elementValue>
          </time>
          <time>
            <startTime>2019-06-30T00:00:00+08:00</startTime>
            <endTime>2019-07-01T00:00:00+08:00</endTime>
            <elementValue>
              <value>S</value>
              <measures>16 directions</measures>
            </elementValue>
          </time>
          <time>
            <startTime>2019-07-01T00:00:00+08:00</startTime>
            <endTime>2019-07-02T00:00:00+08:00</endTime>
            <elementValue>
              <value>W</value>
              <measures>16 directions</measures>
            </elementValue>
          </time>
          <time>
            <startTime>2019-07-02T00:00:00+08:00</startTime>
            <endTime>2019-07-03T00:00:00+08:00</endTime>
            <elementValue>
              <value>NW</value>
              <measures>16 directions</measures>
            </elementValue>
          </time>
          <time>
            <startTime>2019-07-03T00:00:00+08:00</startTime>
            <endTime>2019-07-04T00:00:00+08:00</endTime>
            <elementValue>
              <value>N</value>
              <measures>16 directions</measures>
            </elementValue>
          </time>
          <time>
            <startTime>2019-07-04T00:00:00+08:00</startTime>
            <endTime>2019-07-05T00:00:00+08:00</endTime>
            <elementValue>
              <value>S</value>
              <measures>16 directions</measures>
            </elementValue>
          </time>
        </weatherElement>
        <weatherElement>
          <elementName>WS</elementName>
          <description>maximum of wind speed</description>
          <time>
            <startTime>2019-06-28T12:00:00+08:00</startTime>
            <endTime>2019-06-29T00:00:00+08:00</endTime>
            <elementValue>
              <value>2</value>
              <measures>m/s</measures>
            </elementValue>
            <elementValue>
              <value>2</value>
              <measures>Beaufort</measures>
            </elementValue>
          </time>
          <time>
            <startTime>2019-06-29T00:00:00+08:00</startTime>
            <endTime>2019-06-30T00:00:00+08:00</endTime>
            <elementValue>
              <value>3</value>
              <measures>m/s</measures>
            </elementValue>
            <elementValue>
              <value>2</value>
              <measures>Beaufort</measures>
            </elementValue>
          </time>
          <time>
            <startTime>2019-06-30T00:00:00+08:00</startTime>
            <endTime>2019-07-01T00:00:00+08:00</endTime>
            <elementValue>
              <value>3</value>
              <measures>m/s</measures>
            </elementValue>
            <elementValue>
              <value>2</value>
              <measures>Beaufort</measures>
            </elementValue>
          </time>
          <time>
            <startTime>2019-07-01T00:00:00+08:00</startTime>
            <endTime>2019-07-02T00:00:00+08:00</endTime>
            <elementValue>
              <value>3</value>
              <measures>m/s</measures>
            </elementValue>
            <elementValue>
              <value>2</value>
              <measures>Beaufort</measures>
            </elementValue>
          </time>
          <time>
            <startTime>2019-07-02T00:00:00+08:00</startTime>
            <endTime>2019-07-03T00:00:00+08:00</endTime>
            <elementValue>
              <value>4</value>
              <measures>m/s</measures>
            </elementValue>
            <elementValue>
              <value>3</value>
              <measures>Beaufort</measures>
            </elementValue>
          </time>
          <time>
            <startTime>2019-07-03T00:00:00+08:00</startTime>
            <endTime>2019-07-04T00:00:00+08:00</endTime>
            <elementValue>
              <value>5</value>
              <measures>m/s</measures>
            </elementValue>
            <elementValue>
              <value>3</value>
              <measures>Beaufort</measures>
            </elementValue>
          </time>
          <time>
            <startTime>2019-07-04T00:00:00+08:00</startTime>
            <endTime>2019-07-05T00:00:00+08:00</endTime>
            <elementValue>
              <value>8</value>
              <measures>m/s</measures>
            </elementValue>
            <elementValue>
              <value>5</value>
              <measures>Beaufort</measures>
            </elementValue>
          </time>
        </weatherElement>
        <weatherElement>
          <elementName>Wx</elementName>
          <description>weather</description>
          <time>
            <startTime>2019-06-28T12:00:00+08:00</startTime>
            <endTime>2019-06-29T00:00:00+08:00</endTime>
            <elementValue>
              <value>Partly cloudy with occasional showers or thunderstorms</value>
              <measures>define Wx text by self</measures>
            </elementValue>
            <elementValue>
              <value>15</value>
              <measures>define Wx unit by self</measures>
            </elementValue>
          </time>
          <time>
            <startTime>2019-06-29T00:00:00+08:00</startTime>
            <endTime>2019-06-30T00:00:00+08:00</endTime>
            <elementValue>
              <value>Partly cloudy with occasional showers or thunderstorms</value>
              <measures>define Wx text by self</measures>
            </elementValue>
            <elementValue>
              <value>15</value>
              <measures>define Wx unit by self</measures>
            </elementValue>
          </time>
          <time>
            <startTime>2019-06-30T00:00:00+08:00</startTime>
            <endTime>2019-07-01T00:00:00+08:00</endTime>
            <elementValue>
              <value>Partly cloudy with occasional showers or thunderstorms</value>
              <measures>define Wx text by self</measures>
            </elementValue>
            <elementValue>
              <value>15</value>
              <measures>define Wx unit by self</measures>
            </elementValue>
          </time>
          <time>
            <startTime>2019-07-01T00:00:00+08:00</startTime>
            <endTime>2019-07-02T00:00:00+08:00</endTime>
            <elementValue>
              <value>Partly cloudy with occasional showers or thunderstorms</value>
              <measures>define Wx text by self</measures>
            </elementValue>
            <elementValue>
              <value>15</value>
              <measures>define Wx unit by self</measures>
            </elementValue>
          </time>
          <time>
            <startTime>2019-07-02T00:00:00+08:00</startTime>
            <endTime>2019-07-03T00:00:00+08:00</endTime>
            <elementValue>
              <value>Partly cloudy with occasional showers or thunderstorms</value>
              <measures>define Wx text by self</measures>
            </elementValue>
            <elementValue>
              <value>15</value>
              <measures>define Wx unit by self</measures>
            </elementValue>
          </time>
          <time>
            <startTime>2019-07-03T00:00:00+08:00</startTime>
            <endTime>2019-07-04T00:00:00+08:00</endTime>
            <elementValue>
              <value>Partly cloudy with occasional showers or thunderstorms</value>
              <measures>define Wx text by self</measures>
            </elementValue>
            <elementValue>
              <value>15</value>
              <measures>define Wx unit by self</measures>
            </elementValue>
          </time>
          <time>
            <startTime>2019-07-04T00:00:00+08:00</startTime>
            <endTime>2019-07-05T00:00:00+08:00</endTime>
            <elementValue>
              <value>Partly cloudy with occasional showers or thunderstorms</value>
              <measures>define Wx text by self</measures>
            </elementValue>
            <elementValue>
              <value>15</value>
              <measures>define Wx unit by self</measures>
            </elementValue>
          </time>
        </weatherElement>
        <weatherElement>
          <elementName>UVI</elementName>
          <description>Ultraviolet index</description>
          <time>
            <startTime>2019-06-28T06:00:00+08:00</startTime>
            <endTime>2019-06-28T18:00:00+08:00</endTime>
            <elementValue>
              <value>10</value>
              <measures>UV Index</measures>
            </elementValue>
            <elementValue>
              <value>Very High</value>
              <measures>Exposure Level</measures>
            </elementValue>
          </time>
          <time>
            <startTime>2019-06-29T06:00:00+08:00</startTime>
            <endTime>2019-06-29T18:00:00+08:00</endTime>
            <elementValue>
              <value>9</value>
              <measures>UV Index</measures>
            </elementValue>
            <elementValue>
              <value>Very High</value>
              <measures>Exposure Level</measures>
            </elementValue>
          </time>
          <time>
            <startTime>2019-06-30T06:00:00+08:00</startTime>
            <endTime>2019-06-30T18:00:00+08:00</endTime>
            <elementValue>
              <value>9</value>
              <measures>UV Index</measures>
            </elementValue>
            <elementValue>
              <value>Very High</value>
              <measures>Exposure Level</measures>
            </elementValue>
          </time>
          <time>
            <startTime>2019-07-01T06:00:00+08:00</startTime>
            <endTime>2019-07-01T18:00:00+08:00</endTime>
            <elementValue>
              <value>9</value>
              <measures>UV Index</measures>
            </elementValue>
            <elementValue>
              <value>Very High</value>
              <measures>Exposure Level</measures>
            </elementValue>
          </time>
          <time>
            <startTime>2019-07-02T06:00:00+08:00</startTime>
            <endTime>2019-07-02T18:00:00+08:00</endTime>
            <elementValue>
              <value>8</value>
              <measures>UV Index</measures>
            </elementValue>
            <elementValue>
              <value>Very High</value>
              <measures>Exposure Level</measures>
            </elementValue>
          </time>
          <time>
            <startTime>2019-07-03T06:00:00+08:00</startTime>
            <endTime>2019-07-03T18:00:00+08:00</endTime>
            <elementValue>
              <value>8</value>
              <measures>UV Index</measures>
            </elementValue>
            <elementValue>
              <value>High</value>
              <measures>Exposure Level</measures>
            </elementValue>
          </time>
          <time>
            <startTime>2019-07-04T06:00:00+08:00</startTime>
            <endTime>2019-07-04T18:00:00+08:00</endTime>
            <elementValue>
              <value>8</value>
              <measures>UV Index</measures>
            </elementValue>
            <elementValue>
              <value>High</value>
              <measures>Exposure Level</measures>
            </elementValue>
          </time>
        </weatherElement>
        <weatherElement>
          <elementName>WeatherDescription</elementName>
          <description>weather description</description>
          <time>
            <startTime>2019-06-28T12:00:00+08:00</startTime>
            <endTime>2019-06-29T00:00:00+08:00</endTime>
            <elementValue>
              <value>Partly cloudy with occasional showers or thunderstorms. Temperature between 28 and 34 centigrade. Hot~Extremely hot. S wind 2m/s. Chance of precipitation 50%.</value>
              <measures>NA</measures>
            </elementValue>
          </time>
          <time>
            <startTime>2019-06-29T00:00:00+08:00</startTime>
            <endTime>2019-06-30T00:00:00+08:00</endTime>
            <elementValue>
              <value>Partly cloudy with occasional showers or thunderstorms. Temperature between 26 and 34 centigrade. Comfortable~Extremely hot. S wind 3m/s. Chance of precipitation 50%.</value>
              <measures>NA</measures>
            </elementValue>
          </time>
          <time>
            <startTime>2019-06-30T00:00:00+08:00</startTime>
            <endTime>2019-07-01T00:00:00+08:00</endTime>
            <elementValue>
              <value>Partly cloudy with occasional showers or thunderstorms. Temperature between 26 and 34 centigrade. Comfortable~Extremely hot. S wind 3m/s. Chance of precipitation 50%.</value>
              <measures>NA</measures>
            </elementValue>
          </time>
          <time>
            <startTime>2019-07-01T00:00:00+08:00</startTime>
            <endTime>2019-07-02T00:00:00+08:00</endTime>
            <elementValue>
              <value>Partly cloudy with occasional showers or thunderstorms. Temperature between 26 and 33 centigrade. Comfortable~Extremely hot. W wind 3m/s. Chance of precipitation 60%.</value>
              <measures>NA</measures>
            </elementValue>
          </time>
          <time>
            <startTime>2019-07-02T00:00:00+08:00</startTime>
            <endTime>2019-07-03T00:00:00+08:00</endTime>
            <elementValue>
              <value>Partly cloudy with occasional showers or thunderstorms. Temperature between 26 and 32 centigrade. Comfortable~Hot. NW wind 4m/s. Chance of precipitation 0%.</value>
              <measures>NA</measures>
            </elementValue>
          </time>
          <time>
            <startTime>2019-07-03T00:00:00+08:00</startTime>
            <endTime>2019-07-04T00:00:00+08:00</endTime>
            <elementValue>
              <value>Partly cloudy with occasional showers or thunderstorms. Temperature between 26 and 32 centigrade. Comfortable~Hot. N wind 5m/s. </value>
              <measures>NA</measures>
            </elementValue>
          </time>
          <time>
            <startTime>2019-07-04T00:00:00+08:00</startTime>
            <endTime>2019-07-05T00:00:00+08:00</endTime>
            <elementValue>
              <value>Partly cloudy with occasional showers or thunderstorms. Temperature between 26 and 32 centigrade. Comfortable~Extremely hot. S wind 8m/s. </value>
              <measures>NA</measures>
            </elementValue>
          </time>
        </weatherElement>
      </location>
      <location>
        <locationName>West District</locationName>
        <geocode>1002002</geocode>
        <lat>23.466267</lat>
        <lon>120.427285</lon>
        <weatherElement>
          <elementName>T</elementName>
          <description>average of temperature</description>
          <time>
            <startTime>2019-06-28T12:00:00+08:00</startTime>
            <endTime>2019-06-29T00:00:00+08:00</endTime>
            <elementValue>
              <value>31</value>
              <measures>C</measures>
            </elementValue>
          </time>
          <time>
            <startTime>2019-06-29T00:00:00+08:00</startTime>
            <endTime>2019-06-30T00:00:00+08:00</endTime>
            <elementValue>
              <value>30</value>
              <measures>C</measures>
            </elementValue>
          </time>
          <time>
            <startTime>2019-06-30T00:00:00+08:00</startTime>
            <endTime>2019-07-01T00:00:00+08:00</endTime>
            <elementValue>
              <value>30</value>
              <measures>C</measures>
            </elementValue>
          </time>
          <time>
            <startTime>2019-07-01T00:00:00+08:00</startTime>
            <endTime>2019-07-02T00:00:00+08:00</endTime>
            <elementValue>
              <value>30</value>
              <measures>C</measures>
            </elementValue>
          </time>
          <time>
            <startTime>2019-07-02T00:00:00+08:00</startTime>
            <endTime>2019-07-03T00:00:00+08:00</endTime>
            <elementValue>
              <value>29</value>
              <measures>C</measures>
            </elementValue>
          </time>
          <time>
            <startTime>2019-07-03T00:00:00+08:00</startTime>
            <endTime>2019-07-04T00:00:00+08:00</endTime>
            <elementValue>
              <value>29</value>
              <measures>C</measures>
            </elementValue>
          </time>
          <time>
            <startTime>2019-07-04T00:00:00+08:00</startTime>
            <endTime>2019-07-05T00:00:00+08:00</endTime>
            <elementValue>
              <value>28</value>
              <measures>C</measures>
            </elementValue>
          </time>
        </weatherElement>
        <weatherElement>
          <elementName>Td</elementName>
          <description>average of dew point temperature</description>
          <time>
            <startTime>2019-06-28T12:00:00+08:00</startTime>
            <endTime>2019-06-29T00:00:00+08:00</endTime>
            <elementValue>
              <value>27</value>
              <measures>C</measures>
            </elementValue>
          </time>
          <time>
            <startTime>2019-06-29T00:00:00+08:00</startTime>
            <endTime>2019-06-30T00:00:00+08:00</endTime>
            <elementValue>
              <value>26</value>
              <measures>C</measures>
            </elementValue>
          </time>
          <time>
            <startTime>2019-06-30T00:00:00+08:00</startTime>
            <endTime>2019-07-01T00:00:00+08:00</endTime>
            <elementValue>
              <value>27</value>
              <measures>C</measures>
            </elementValue>
          </time>
          <time>
            <startTime>2019-07-01T00:00:00+08:00</startTime>
            <endTime>2019-07-02T00:00:00+08:00</endTime>
            <elementValue>
              <value>26</value>
              <measures>C</measures>
            </elementValue>
          </time>
          <time>
            <startTime>2019-07-02T00:00:00+08:00</startTime>
            <endTime>2019-07-03T00:00:00+08:00</endTime>
            <elementValue>
              <value>26</value>
              <measures>C</measures>
            </elementValue>
          </time>
          <time>
            <startTime>2019-07-03T00:00:00+08:00</startTime>
            <endTime>2019-07-04T00:00:00+08:00</endTime>
            <elementValue>
              <value>25</value>
              <measures>C</measures>
            </elementValue>
          </time>
          <time>
            <startTime>2019-07-04T00:00:00+08:00</startTime>
            <endTime>2019-07-05T00:00:00+08:00</endTime>
            <elementValue>
              <value>25</value>
              <measures>C</measures>
            </elementValue>
          </time>
        </weatherElement>
        <weatherElement>
          <elementName>RH</elementName>
          <description>average of relative humidity</description>
          <time>
            <startTime>2019-06-28T12:00:00+08:00</startTime>
            <endTime>2019-06-29T00:00:00+08:00</endTime>
            <elementValue>
              <value>77</value>
              <measures>%</measures>
            </elementValue>
          </time>
          <time>
            <startTime>2019-06-29T00:00:00+08:00</startTime>
            <endTime>2019-06-30T00:00:00+08:00</endTime>
            <elementValue>
              <value>80</value>
              <measures>%</measures>
            </elementValue>
          </time>
          <time>
            <startTime>2019-06-30T00:00:00+08:00</startTime>
            <endTime>2019-07-01T00:00:00+08:00</endTime>
            <elementValue>
              <value>82</value>
              <measures>%</measures>
            </elementValue>
          </time>
          <time>
            <startTime>2019-07-01T00:00:00+08:00</startTime>
            <endTime>2019-07-02T00:00:00+08:00</endTime>
            <elementValue>
              <value>81</value>
              <measures>%</measures>
            </elementValue>
          </time>
          <time>
            <startTime>2019-07-02T00:00:00+08:00</startTime>
            <endTime>2019-07-03T00:00:00+08:00</endTime>
            <elementValue>
              <value>82</value>
              <measures>%</measures>
            </elementValue>
          </time>
          <time>
            <startTime>2019-07-03T00:00:00+08:00</startTime>
            <endTime>2019-07-04T00:00:00+08:00</endTime>
            <elementValue>
              <value>81</value>
              <measures>%</measures>
            </elementValue>
          </time>
          <time>
            <startTime>2019-07-04T00:00:00+08:00</startTime>
            <endTime>2019-07-05T00:00:00+08:00</endTime>
            <elementValue>
              <value>82</value>
              <measures>%</measures>
            </elementValue>
          </time>
        </weatherElement>
        <weatherElement>
          <elementName>MaxT</elementName>
          <description>maximum temperature</description>
          <time>
            <startTime>2019-06-28T12:00:00+08:00</startTime>
            <endTime>2019-06-29T00:00:00+08:00</endTime>
            <elementValue>
              <value>34</value>
              <measures>C</measures>
            </elementValue>
          </time>
          <time>
            <startTime>2019-06-29T00:00:00+08:00</startTime>
            <endTime>2019-06-30T00:00:00+08:00</endTime>
            <elementValue>
              <value>34</value>
              <measures>C</measures>
            </elementValue>
          </time>
          <time>
            <startTime>2019-06-30T00:00:00+08:00</startTime>
            <endTime>2019-07-01T00:00:00+08:00</endTime>
            <elementValue>
              <value>34</value>
              <measures>C</measures>
            </elementValue>
          </time>
          <time>
            <startTime>2019-07-01T00:00:00+08:00</startTime>
            <endTime>2019-07-02T00:00:00+08:00</endTime>
            <elementValue>
              <value>33</value>
              <measures>C</measures>
            </elementValue>
          </time>
          <time>
            <startTime>2019-07-02T00:00:00+08:00</startTime>
            <endTime>2019-07-03T00:00:00+08:00</endTime>
            <elementValue>
              <value>32</value>
              <measures>C</measures>
            </elementValue>
          </time>
          <time>
            <startTime>2019-07-03T00:00:00+08:00</startTime>
            <endTime>2019-07-04T00:00:00+08:00</endTime>
            <elementValue>
              <value>32</value>
              <measures>C</measures>
            </elementValue>
          </time>
          <time>
            <startTime>2019-07-04T00:00:00+08:00</startTime>
            <endTime>2019-07-05T00:00:00+08:00</endTime>
            <elementValue>
              <value>32</value>
              <measures>C</measures>
            </elementValue>
          </time>
        </weatherElement>
        <weatherElement>
          <elementName>MinT</elementName>
          <description>minimum temperature</description>
          <time>
            <startTime>2019-06-28T12:00:00+08:00</startTime>
            <endTime>2019-06-29T00:00:00+08:00</endTime>
            <elementValue>
              <value>28</value>
              <measures>C</measures>
            </elementValue>
          </time>
          <time>
            <startTime>2019-06-29T00:00:00+08:00</startTime>
            <endTime>2019-06-30T00:00:00+08:00</endTime>
            <elementValue>
              <value>26</value>
              <measures>C</measures>
            </elementValue>
          </time>
          <time>
            <startTime>2019-06-30T00:00:00+08:00</startTime>
            <endTime>2019-07-01T00:00:00+08:00</endTime>
            <elementValue>
              <value>26</value>
              <measures>C</measures>
            </elementValue>
          </time>
          <time>
            <startTime>2019-07-01T00:00:00+08:00</startTime>
            <endTime>2019-07-02T00:00:00+08:00</endTime>
            <elementValue>
              <value>26</value>
              <measures>C</measures>
            </elementValue>
          </time>
          <time>
            <startTime>2019-07-02T00:00:00+08:00</startTime>
            <endTime>2019-07-03T00:00:00+08:00</endTime>
            <elementValue>
              <value>26</value>
              <measures>C</measures>
            </elementValue>
          </time>
          <time>
            <startTime>2019-07-03T00:00:00+08:00</startTime>
            <endTime>2019-07-04T00:00:00+08:00</endTime>
            <elementValue>
              <value>26</value>
              <measures>C</measures>
            </elementValue>
          </time>
          <time>
            <startTime>2019-07-04T00:00:00+08:00</startTime>
            <endTime>2019-07-05T00:00:00+08:00</endTime>
            <elementValue>
              <value>26</value>
              <measures>C</measures>
            </elementValue>
          </time>
        </weatherElement>
        <weatherElement>
          <elementName>MaxAT</elementName>
          <description>maximum athletic temperature</description>
          <time>
            <startTime>2019-06-28T12:00:00+08:00</startTime>
            <endTime>2019-06-29T00:00:00+08:00</endTime>
            <elementValue>
              <value>39</value>
              <measures>C</measures>
            </elementValue>
          </time>
          <time>
            <startTime>2019-06-29T00:00:00+08:00</startTime>
            <endTime>2019-06-30T00:00:00+08:00</endTime>
            <elementValue>
              <value>39</value>
              <measures>C</measures>
            </elementValue>
          </time>
          <time>
            <startTime>2019-06-30T00:00:00+08:00</startTime>
            <endTime>2019-07-01T00:00:00+08:00</endTime>
            <elementValue>
              <value>40</value>
              <measures>C</measures>
            </elementValue>
          </time>
          <time>
            <startTime>2019-07-01T00:00:00+08:00</startTime>
            <endTime>2019-07-02T00:00:00+08:00</endTime>
            <elementValue>
              <value>38</value>
              <measures>C</measures>
            </elementValue>
          </time>
          <time>
            <startTime>2019-07-02T00:00:00+08:00</startTime>
            <endTime>2019-07-03T00:00:00+08:00</endTime>
            <elementValue>
              <value>36</value>
              <measures>C</measures>
            </elementValue>
          </time>
          <time>
            <startTime>2019-07-03T00:00:00+08:00</startTime>
            <endTime>2019-07-04T00:00:00+08:00</endTime>
            <elementValue>
              <value>35</value>
              <measures>C</measures>
            </elementValue>
          </time>
          <time>
            <startTime>2019-07-04T00:00:00+08:00</startTime>
            <endTime>2019-07-05T00:00:00+08:00</endTime>
            <elementValue>
              <value>35</value>
              <measures>C</measures>
            </elementValue>
          </time>
        </weatherElement>
        <weatherElement>
          <elementName>MinAT</elementName>
          <description>minimum athletic temperature</description>
          <time>
            <startTime>2019-06-28T12:00:00+08:00</startTime>
            <endTime>2019-06-29T00:00:00+08:00</endTime>
            <elementValue>
              <value>32</value>
              <measures>C</measures>
            </elementValue>
          </time>
          <time>
            <startTime>2019-06-29T00:00:00+08:00</startTime>
            <endTime>2019-06-30T00:00:00+08:00</endTime>
            <elementValue>
              <value>29</value>
              <measures>C</measures>
            </elementValue>
          </time>
          <time>
            <startTime>2019-06-30T00:00:00+08:00</startTime>
            <endTime>2019-07-01T00:00:00+08:00</endTime>
            <elementValue>
              <value>30</value>
              <measures>C</measures>
            </elementValue>
          </time>
          <time>
            <startTime>2019-07-01T00:00:00+08:00</startTime>
            <endTime>2019-07-02T00:00:00+08:00</endTime>
            <elementValue>
              <value>30</value>
              <measures>C</measures>
            </elementValue>
          </time>
          <time>
            <startTime>2019-07-02T00:00:00+08:00</startTime>
            <endTime>2019-07-03T00:00:00+08:00</endTime>
            <elementValue>
              <value>28</value>
              <measures>C</measures>
            </elementValue>
          </time>
          <time>
            <startTime>2019-07-03T00:00:00+08:00</startTime>
            <endTime>2019-07-04T00:00:00+08:00</endTime>
            <elementValue>
              <value>29</value>
              <measures>C</measures>
            </elementValue>
          </time>
          <time>
            <startTime>2019-07-04T00:00:00+08:00</startTime>
            <endTime>2019-07-05T00:00:00+08:00</endTime>
            <elementValue>
              <value>27</value>
              <measures>C</measures>
            </elementValue>
          </time>
        </weatherElement>
        <weatherElement>
          <elementName>MaxCI</elementName>
          <description>maximum comfort index</description>
          <time>
            <startTime>2019-06-28T12:00:00+08:00</startTime>
            <endTime>2019-06-29T00:00:00+08:00</endTime>
            <elementValue>
              <value>31</value>
              <measures>NA</measures>
            </elementValue>
          </time>
          <time>
            <startTime>2019-06-29T00:00:00+08:00</startTime>
            <endTime>2019-06-30T00:00:00+08:00</endTime>
            <elementValue>
              <value>31</value>
              <measures>NA</measures>
            </elementValue>
          </time>
          <time>
            <startTime>2019-06-30T00:00:00+08:00</startTime>
            <endTime>2019-07-01T00:00:00+08:00</endTime>
            <elementValue>
              <value>32</value>
              <measures>NA</measures>
            </elementValue>
          </time>
          <time>
            <startTime>2019-07-01T00:00:00+08:00</startTime>
            <endTime>2019-07-02T00:00:00+08:00</endTime>
            <elementValue>
              <value>31</value>
              <measures>NA</measures>
            </elementValue>
          </time>
          <time>
            <startTime>2019-07-02T00:00:00+08:00</startTime>
            <endTime>2019-07-03T00:00:00+08:00</endTime>
            <elementValue>
              <value>30</value>
              <measures>NA</measures>
            </elementValue>
          </time>
          <time>
            <startTime>2019-07-03T00:00:00+08:00</startTime>
            <endTime>2019-07-04T00:00:00+08:00</endTime>
            <elementValue>
              <value>30</value>
              <measures>NA</measures>
            </elementValue>
          </time>
          <time>
            <startTime>2019-07-04T00:00:00+08:00</startTime>
            <endTime>2019-07-05T00:00:00+08:00</endTime>
            <elementValue>
              <value>30</value>
              <measures>NA</measures>
            </elementValue>
          </time>
        </weatherElement>
        <weatherElement>
          <elementName>MinCI</elementName>
          <description>minimum comfort index</description>
          <time>
            <startTime>2019-06-28T12:00:00+08:00</startTime>
            <endTime>2019-06-29T00:00:00+08:00</endTime>
            <elementValue>
              <value>27</value>
              <measures>NA</measures>
            </elementValue>
          </time>
          <time>
            <startTime>2019-06-29T00:00:00+08:00</startTime>
            <endTime>2019-06-30T00:00:00+08:00</endTime>
            <elementValue>
              <value>25</value>
              <measures>NA</measures>
            </elementValue>
          </time>
          <time>
            <startTime>2019-06-30T00:00:00+08:00</startTime>
            <endTime>2019-07-01T00:00:00+08:00</endTime>
            <elementValue>
              <value>25</value>
              <measures>NA</measures>
            </elementValue>
          </time>
          <time>
            <startTime>2019-07-01T00:00:00+08:00</startTime>
            <endTime>2019-07-02T00:00:00+08:00</endTime>
            <elementValue>
              <value>25</value>
              <measures>NA</measures>
            </elementValue>
          </time>
          <time>
            <startTime>2019-07-02T00:00:00+08:00</startTime>
            <endTime>2019-07-03T00:00:00+08:00</endTime>
            <elementValue>
              <value>25</value>
              <measures>NA</measures>
            </elementValue>
          </time>
          <time>
            <startTime>2019-07-03T00:00:00+08:00</startTime>
            <endTime>2019-07-04T00:00:00+08:00</endTime>
            <elementValue>
              <value>25</value>
              <measures>NA</measures>
            </elementValue>
          </time>
          <time>
            <startTime>2019-07-04T00:00:00+08:00</startTime>
            <endTime>2019-07-05T00:00:00+08:00</endTime>
            <elementValue>
              <value>25</value>
              <measures>NA</measures>
            </elementValue>
          </time>
        </weatherElement>
        <weatherElement>
          <elementName>PoP24h</elementName>
          <description>24 hours probability of precipitation</description>
          <time>
            <startTime>2019-06-28T12:00:00+08:00</startTime>
            <endTime>2019-06-29T00:00:00+08:00</endTime>
            <elementValue>
              <value>50</value>
              <measures>%</measures>
            </elementValue>
          </time>
          <time>
            <startTime>2019-06-29T00:00:00+08:00</startTime>
            <endTime>2019-06-30T00:00:00+08:00</endTime>
            <elementValue>
              <value>50</value>
              <measures>%</measures>
            </elementValue>
          </time>
          <time>
            <startTime>2019-06-30T00:00:00+08:00</startTime>
            <endTime>2019-07-01T00:00:00+08:00</endTime>
            <elementValue>
              <value>50</value>
              <measures>%</measures>
            </elementValue>
          </time>
          <time>
            <startTime>2019-07-01T00:00:00+08:00</startTime>
            <endTime>2019-07-02T00:00:00+08:00</endTime>
            <elementValue>
              <value>60</value>
              <measures>%</measures>
            </elementValue>
          </time>
          <time>
            <startTime>2019-07-02T00:00:00+08:00</startTime>
            <endTime>2019-07-03T00:00:00+08:00</endTime>
            <elementValue>
              <value>0</value>
              <measures>%</measures>
            </elementValue>
          </time>
          <time>
            <startTime>2019-07-03T00:00:00+08:00</startTime>
            <endTime>2019-07-04T00:00:00+08:00</endTime>
            <elementValue>
              <value> </value>
              <measures>%</measures>
            </elementValue>
          </time>
          <time>
            <startTime>2019-07-04T00:00:00+08:00</startTime>
            <endTime>2019-07-05T00:00:00+08:00</endTime>
            <elementValue>
              <value> </value>
              <measures>%</measures>
            </elementValue>
          </time>
        </weatherElement>
        <weatherElement>
          <elementName>WD</elementName>
          <description>wind direction</description>
          <time>
            <startTime>2019-06-28T12:00:00+08:00</startTime>
            <endTime>2019-06-29T00:00:00+08:00</endTime>
            <elementValue>
              <value>S</value>
              <measures>16 directions</measures>
            </elementValue>
          </time>
          <time>
            <startTime>2019-06-29T00:00:00+08:00</startTime>
            <endTime>2019-06-30T00:00:00+08:00</endTime>
            <elementValue>
              <value>S</value>
              <measures>16 directions</measures>
            </elementValue>
          </time>
          <time>
            <startTime>2019-06-30T00:00:00+08:00</startTime>
            <endTime>2019-07-01T00:00:00+08:00</endTime>
            <elementValue>
              <value>S</value>
              <measures>16 directions</measures>
            </elementValue>
          </time>
          <time>
            <startTime>2019-07-01T00:00:00+08:00</startTime>
            <endTime>2019-07-02T00:00:00+08:00</endTime>
            <elementValue>
              <value>W</value>
              <measures>16 directions</measures>
            </elementValue>
          </time>
          <time>
            <startTime>2019-07-02T00:00:00+08:00</startTime>
            <endTime>2019-07-03T00:00:00+08:00</endTime>
            <elementValue>
              <value>NW</value>
              <measures>16 directions</measures>
            </elementValue>
          </time>
          <time>
            <startTime>2019-07-03T00:00:00+08:00</startTime>
            <endTime>2019-07-04T00:00:00+08:00</endTime>
            <elementValue>
              <value>N</value>
              <measures>16 directions</measures>
            </elementValue>
          </time>
          <time>
            <startTime>2019-07-04T00:00:00+08:00</startTime>
            <endTime>2019-07-05T00:00:00+08:00</endTime>
            <elementValue>
              <value>S</value>
              <measures>16 directions</measures>
            </elementValue>
          </time>
        </weatherElement>
        <weatherElement>
          <elementName>WS</elementName>
          <description>maximum of wind speed</description>
          <time>
            <startTime>2019-06-28T12:00:00+08:00</startTime>
            <endTime>2019-06-29T00:00:00+08:00</endTime>
            <elementValue>
              <value>2</value>
              <measures>m/s</measures>
            </elementValue>
            <elementValue>
              <value>2</value>
              <measures>Beaufort</measures>
            </elementValue>
          </time>
          <time>
            <startTime>2019-06-29T00:00:00+08:00</startTime>
            <endTime>2019-06-30T00:00:00+08:00</endTime>
            <elementValue>
              <value>3</value>
              <measures>m/s</measures>
            </elementValue>
            <elementValue>
              <value>2</value>
              <measures>Beaufort</measures>
            </elementValue>
          </time>
          <time>
            <startTime>2019-06-30T00:00:00+08:00</startTime>
            <endTime>2019-07-01T00:00:00+08:00</endTime>
            <elementValue>
              <value>3</value>
              <measures>m/s</measures>
            </elementValue>
            <elementValue>
              <value>2</value>
              <measures>Beaufort</measures>
            </elementValue>
          </time>
          <time>
            <startTime>2019-07-01T00:00:00+08:00</startTime>
            <endTime>2019-07-02T00:00:00+08:00</endTime>
            <elementValue>
              <value>3</value>
              <measures>m/s</measures>
            </elementValue>
            <elementValue>
              <value>2</value>
              <measures>Beaufort</measures>
            </elementValue>
          </time>
          <time>
            <startTime>2019-07-02T00:00:00+08:00</startTime>
            <endTime>2019-07-03T00:00:00+08:00</endTime>
            <elementValue>
              <value>4</value>
              <measures>m/s</measures>
            </elementValue>
            <elementValue>
              <value>3</value>
              <measures>Beaufort</measures>
            </elementValue>
          </time>
          <time>
            <startTime>2019-07-03T00:00:00+08:00</startTime>
            <endTime>2019-07-04T00:00:00+08:00</endTime>
            <elementValue>
              <value>5</value>
              <measures>m/s</measures>
            </elementValue>
            <elementValue>
              <value>3</value>
              <measures>Beaufort</measures>
            </elementValue>
          </time>
          <time>
            <startTime>2019-07-04T00:00:00+08:00</startTime>
            <endTime>2019-07-05T00:00:00+08:00</endTime>
            <elementValue>
              <value>8</value>
              <measures>m/s</measures>
            </elementValue>
            <elementValue>
              <value>5</value>
              <measures>Beaufort</measures>
            </elementValue>
          </time>
        </weatherElement>
        <weatherElement>
          <elementName>Wx</elementName>
          <description>weather</description>
          <time>
            <startTime>2019-06-28T12:00:00+08:00</startTime>
            <endTime>2019-06-29T00:00:00+08:00</endTime>
            <elementValue>
              <value>Partly cloudy with occasional showers or thunderstorms</value>
              <measures>define Wx text by self</measures>
            </elementValue>
            <elementValue>
              <value>15</value>
              <measures>define Wx unit by self</measures>
            </elementValue>
          </time>
          <time>
            <startTime>2019-06-29T00:00:00+08:00</startTime>
            <endTime>2019-06-30T00:00:00+08:00</endTime>
            <elementValue>
              <value>Partly cloudy with occasional showers or thunderstorms</value>
              <measures>define Wx text by self</measures>
            </elementValue>
            <elementValue>
              <value>15</value>
              <measures>define Wx unit by self</measures>
            </elementValue>
          </time>
          <time>
            <startTime>2019-06-30T00:00:00+08:00</startTime>
            <endTime>2019-07-01T00:00:00+08:00</endTime>
            <elementValue>
              <value>Partly cloudy with occasional showers or thunderstorms</value>
              <measures>define Wx text by self</measures>
            </elementValue>
            <elementValue>
              <value>15</value>
              <measures>define Wx unit by self</measures>
            </elementValue>
          </time>
          <time>
            <startTime>2019-07-01T00:00:00+08:00</startTime>
            <endTime>2019-07-02T00:00:00+08:00</endTime>
            <elementValue>
              <value>Partly cloudy with occasional showers or thunderstorms</value>
              <measures>define Wx text by self</measures>
            </elementValue>
            <elementValue>
              <value>15</value>
              <measures>define Wx unit by self</measures>
            </elementValue>
          </time>
          <time>
            <startTime>2019-07-02T00:00:00+08:00</startTime>
            <endTime>2019-07-03T00:00:00+08:00</endTime>
            <elementValue>
              <value>Partly cloudy with occasional showers or thunderstorms</value>
              <measures>define Wx text by self</measures>
            </elementValue>
            <elementValue>
              <value>15</value>
              <measures>define Wx unit by self</measures>
            </elementValue>
          </time>
          <time>
            <startTime>2019-07-03T00:00:00+08:00</startTime>
            <endTime>2019-07-04T00:00:00+08:00</endTime>
            <elementValue>
              <value>Partly cloudy with occasional showers or thunderstorms</value>
              <measures>define Wx text by self</measures>
            </elementValue>
            <elementValue>
              <value>15</value>
              <measures>define Wx unit by self</measures>
            </elementValue>
          </time>
          <time>
            <startTime>2019-07-04T00:00:00+08:00</startTime>
            <endTime>2019-07-05T00:00:00+08:00</endTime>
            <elementValue>
              <value>Partly cloudy with occasional showers or thunderstorms</value>
              <measures>define Wx text by self</measures>
            </elementValue>
            <elementValue>
              <value>15</value>
              <measures>define Wx unit by self</measures>
            </elementValue>
          </time>
        </weatherElement>
        <weatherElement>
          <elementName>UVI</elementName>
          <description>Ultraviolet index</description>
          <time>
            <startTime>2019-06-28T06:00:00+08:00</startTime>
            <endTime>2019-06-28T18:00:00+08:00</endTime>
            <elementValue>
              <value>10</value>
              <measures>UV Index</measures>
            </elementValue>
            <elementValue>
              <value>Very High</value>
              <measures>Exposure Level</measures>
            </elementValue>
          </time>
          <time>
            <startTime>2019-06-29T06:00:00+08:00</startTime>
            <endTime>2019-06-29T18:00:00+08:00</endTime>
            <elementValue>
              <value>9</value>
              <measures>UV Index</measures>
            </elementValue>
            <elementValue>
              <value>Very High</value>
              <measures>Exposure Level</measures>
            </elementValue>
          </time>
          <time>
            <startTime>2019-06-30T06:00:00+08:00</startTime>
            <endTime>2019-06-30T18:00:00+08:00</endTime>
            <elementValue>
              <value>9</value>
              <measures>UV Index</measures>
            </elementValue>
            <elementValue>
              <value>Very High</value>
              <measures>Exposure Level</measures>
            </elementValue>
          </time>
          <time>
            <startTime>2019-07-01T06:00:00+08:00</startTime>
            <endTime>2019-07-01T18:00:00+08:00</endTime>
            <elementValue>
              <value>9</value>
              <measures>UV Index</measures>
            </elementValue>
            <elementValue>
              <value>Very High</value>
              <measures>Exposure Level</measures>
            </elementValue>
          </time>
          <time>
            <startTime>2019-07-02T06:00:00+08:00</startTime>
            <endTime>2019-07-02T18:00:00+08:00</endTime>
            <elementValue>
              <value>8</value>
              <measures>UV Index</measures>
            </elementValue>
            <elementValue>
              <value>Very High</value>
              <measures>Exposure Level</measures>
            </elementValue>
          </time>
          <time>
            <startTime>2019-07-03T06:00:00+08:00</startTime>
            <endTime>2019-07-03T18:00:00+08:00</endTime>
            <elementValue>
              <value>8</value>
              <measures>UV Index</measures>
            </elementValue>
            <elementValue>
              <value>High</value>
              <measures>Exposure Level</measures>
            </elementValue>
          </time>
          <time>
            <startTime>2019-07-04T06:00:00+08:00</startTime>
            <endTime>2019-07-04T18:00:00+08:00</endTime>
            <elementValue>
              <value>8</value>
              <measures>UV Index</measures>
            </elementValue>
            <elementValue>
              <value>High</value>
              <measures>Exposure Level</measures>
            </elementValue>
          </time>
        </weatherElement>
        <weatherElement>
          <elementName>WeatherDescription</elementName>
          <description>weather description</description>
          <time>
            <startTime>2019-06-28T12:00:00+08:00</startTime>
            <endTime>2019-06-29T00:00:00+08:00</endTime>
            <elementValue>
              <value>Partly cloudy with occasional showers or thunderstorms. Temperature between 28 and 34 centigrade. Hot~Extremely hot. S wind 2m/s. Chance of precipitation 50%.</value>
              <measures>NA</measures>
            </elementValue>
          </time>
          <time>
            <startTime>2019-06-29T00:00:00+08:00</startTime>
            <endTime>2019-06-30T00:00:00+08:00</endTime>
            <elementValue>
              <value>Partly cloudy with occasional showers or thunderstorms. Temperature between 26 and 34 centigrade. Comfortable~Extremely hot. S wind 3m/s. Chance of precipitation 50%.</value>
              <measures>NA</measures>
            </elementValue>
          </time>
          <time>
            <startTime>2019-06-30T00:00:00+08:00</startTime>
            <endTime>2019-07-01T00:00:00+08:00</endTime>
            <elementValue>
              <value>Partly cloudy with occasional showers or thunderstorms. Temperature between 26 and 34 centigrade. Comfortable~Extremely hot. S wind 3m/s. Chance of precipitation 50%.</value>
              <measures>NA</measures>
            </elementValue>
          </time>
          <time>
            <startTime>2019-07-01T00:00:00+08:00</startTime>
            <endTime>2019-07-02T00:00:00+08:00</endTime>
            <elementValue>
              <value>Partly cloudy with occasional showers or thunderstorms. Temperature between 26 and 33 centigrade. Comfortable~Extremely hot. W wind 3m/s. Chance of precipitation 60%.</value>
              <measures>NA</measures>
            </elementValue>
          </time>
          <time>
            <startTime>2019-07-02T00:00:00+08:00</startTime>
            <endTime>2019-07-03T00:00:00+08:00</endTime>
            <elementValue>
              <value>Partly cloudy with occasional showers or thunderstorms. Temperature between 26 and 32 centigrade. Comfortable~Hot. NW wind 4m/s. Chance of precipitation 0%.</value>
              <measures>NA</measures>
            </elementValue>
          </time>
          <time>
            <startTime>2019-07-03T00:00:00+08:00</startTime>
            <endTime>2019-07-04T00:00:00+08:00</endTime>
            <elementValue>
              <value>Partly cloudy with occasional showers or thunderstorms. Temperature between 26 and 32 centigrade. Comfortable~Hot. N wind 5m/s. </value>
              <measures>NA</measures>
            </elementValue>
          </time>
          <time>
            <startTime>2019-07-04T00:00:00+08:00</startTime>
            <endTime>2019-07-05T00:00:00+08:00</endTime>
            <elementValue>
              <value>Partly cloudy with occasional showers or thunderstorms. Temperature between 26 and 32 centigrade. Comfortable~Hot. S wind 8m/s. </value>
              <measures>NA</measures>
            </elementValue>
          </time>
        </weatherElement>
      </location>
    </locations>
  </dataset>
</cwbopendata>
